framework,problem,instance,algorithm,delta_mode,seed,repetition,initial_cost,final_cost,evaluations,iterations,seconds
el4,tsp,tsp-300,sd,all,1,1,153540,14009,15280651,342,0.076117590999999998
el4,tsp,tsp-300,sd,all,1,2,153540,14009,15280651,342,0.076097131999999998
el4,tsp,tsp-300,sd,all,1,3,153540,14009,15280651,342,0.076189365999999994
el4,tsp,tsp-300,sd,all,2,1,167546,14083,14835151,332,0.073941928000000004
el4,tsp,tsp-300,sd,all,2,2,167546,14083,14835151,332,0.074668641999999993
el4,tsp,tsp-300,sd,all,2,3,167546,14083,14835151,332,0.074152032000000007
el4,tsp,tsp-300,sd,all,3,1,161928,14236,15859801,355,0.078547360999999996
el4,tsp,tsp-300,sd,all,3,2,161928,14236,15859801,355,0.078774126
el4,tsp,tsp-300,sd,all,3,3,161928,14236,15859801,355,0.078769558000000003
el4,tsp,tsp-300,sd,none,1,1,153540,14009,15280651,342,11.111375982
el4,tsp,tsp-300,sd,none,1,2,153540,14009,15280651,342,11.191703619
el4,tsp,tsp-300,sd,none,1,3,153540,14009,15280651,342,11.129400413999999
el4,tsp,tsp-300,sd,none,2,1,167546,14083,14835151,332,10.787887737
el4,tsp,tsp-300,sd,none,2,2,167546,14083,14835151,332,10.790701243000001
el4,tsp,tsp-300,sd,none,2,3,167546,14083,14835151,332,10.784152414999999
el4,tsp,tsp-300,sd,none,3,1,161928,14236,15859801,355,11.53759275
el4,tsp,tsp-300,sd,none,3,2,161928,14236,15859801,355,11.545886879999999
el4,tsp,tsp-300,sd,none,3,3,161928,14236,15859801,355,11.535059989000001
el4,tsp,tsp-300,fd,all,1,1,153540,14090,22351731,1653,0.10430160500000001
el4,tsp,tsp-300,fd,all,1,2,153540,14090,22351731,1653,0.104307466
el4,tsp,tsp-300,fd,all,1,3,153540,14090,22351731,1653,0.104081191
el4,tsp,tsp-300,fd,all,2,1,167546,14028,17840575,1696,0.084305116999999999
el4,tsp,tsp-300,fd,all,2,2,167546,14028,17840575,1696,0.083955115999999996
el4,tsp,tsp-300,fd,all,2,3,167546,14028,17840575,1696,0.084006241999999995
el4,tsp,tsp-300,fd,all,3,1,161928,13816,20946284,1606,0.098732817
el4,tsp,tsp-300,fd,all,3,2,161928,13816,20946284,1606,0.098418573999999995
el4,tsp,tsp-300,fd,all,3,3,161928,13816,20946284,1606,0.098418533000000002
el4,tsp,tsp-300,fd,none,1,1,153540,14090,22351731,1653,16.377401441
el4,tsp,tsp-300,fd,none,1,2,153540,14090,22351731,1653,16.429504202
el4,tsp,tsp-300,fd,none,1,3,153540,14090,22351731,1653,16.353746450999999
el4,tsp,tsp-300,fd,none,2,1,167546,14028,17840575,1696,13.057058487999999
el4,tsp,tsp-300,fd,none,2,2,167546,14028,17840575,1696,13.037148502000001
el4,tsp,tsp-300,fd,none,2,3,167546,14028,17840575,1696,13.059948681
el4,tsp,tsp-300,fd,none,3,1,161928,13816,20946284,1606,15.311595780999999
el4,tsp,tsp-300,fd,none,3,2,161928,13816,20946284,1606,15.335295304000001
el4,tsp,tsp-300,fd,none,3,3,161928,13816,20946284,1606,15.609795193
el4,tsp,tsp-300,sa,all,1,1,153540,13489,2080001,2080000,0.104202844
el4,tsp,tsp-300,sa,all,1,2,153540,13489,2080001,2080000,0.103829594
el4,tsp,tsp-300,sa,all,1,3,153540,13489,2080001,2080000,0.103816721
el4,tsp,tsp-300,sa,all,2,1,167546,13696,2080001,2080000,0.103602071
el4,tsp,tsp-300,sa,all,2,2,167546,13696,2080001,2080000,0.103429726
el4,tsp,tsp-300,sa,all,2,3,167546,13696,2080001,2080000,0.104228933
el4,tsp,tsp-300,sa,all,3,1,161928,13535,2080001,2080000,0.10349683799999999
el4,tsp,tsp-300,sa,all,3,2,161928,13535,2080001,2080000,0.10386961
el4,tsp,tsp-300,sa,all,3,3,161928,13535,2080001,2080000,0.10393662100000001
el4,tsp,tsp-300,sa,none,1,1,153540,13489,2080001,2080000,1.643593549
el4,tsp,tsp-300,sa,none,1,2,153540,13489,2080001,2080000,1.641472633
el4,tsp,tsp-300,sa,none,1,3,153540,13489,2080001,2080000,1.640894691
el4,tsp,tsp-300,sa,none,2,1,167546,13696,2080001,2080000,1.639179368
el4,tsp,tsp-300,sa,none,2,2,167546,13696,2080001,2080000,1.641267689
el4,tsp,tsp-300,sa,none,2,3,167546,13696,2080001,2080000,1.6395995889999999
el4,tsp,tsp-300,sa,none,3,1,161928,13535,2080001,2080000,1.6380221290000001
el4,tsp,tsp-300,sa,none,3,2,161928,13535,2080001,2080000,1.639970999
el4,tsp,tsp-300,sa,none,3,3,161928,13535,2080001,2080000,1.640867936
el4,assignment,assignment-1000x20,sd,all,1,1,834259,302057,589001,30,0.475530022
el4,assignment,assignment-1000x20,sd,all,1,2,834259,302057,589001,30,0.482556971
el4,assignment,assignment-1000x20,sd,all,1,3,834259,302057,589001,30,0.47475398699999999
el4,assignment,assignment-1000x20,sd,all,2,1,2776038,302031,3116001,163,2.57822364
el4,assignment,assignment-1000x20,sd,all,2,2,2776038,302031,3116001,163,2.9071791359999999
el4,assignment,assignment-1000x20,sd,all,2,3,2776038,302031,3116001,163,2.925479443
el4,assignment,assignment-1000x20,sd,all,3,1,749245,302062,532001,27,0.42890010200000001
el4,assignment,assignment-1000x20,sd,all,3,2,749245,302062,532001,27,0.42958053200000001
el4,assignment,assignment-1000x20,sd,all,3,3,749245,302062,532001,27,0.42840941700000001
el4,assignment,assignment-1000x20,sd,mixed,1,1,834259,302057,589001,30,0.52035370700000005
el4,assignment,assignment-1000x20,sd,mixed,1,2,834259,302057,589001,30,0.52144545399999997
el4,assignment,assignment-1000x20,sd,mixed,1,3,834259,302057,589001,30,0.52139853599999997
el4,assignment,assignment-1000x20,sd,mixed,2,1,2776038,302031,3116001,163,2.832187636
el4,assignment,assignment-1000x20,sd,mixed,2,2,2776038,302031,3116001,163,2.8423921779999999
el4,assignment,assignment-1000x20,sd,mixed,2,3,2776038,302031,3116001,163,2.9648796850000001
el4,assignment,assignment-1000x20,sd,mixed,3,1,749245,302062,532001,27,0.46738095800000001
el4,assignment,assignment-1000x20,sd,mixed,3,2,749245,302062,532001,27,0.48384007400000001
el4,assignment,assignment-1000x20,sd,mixed,3,3,749245,302062,532001,27,0.48030186400000002
el4,assignment,assignment-1000x20,sd,none,1,1,834259,302057,589001,30,0.747709913
el4,assignment,assignment-1000x20,sd,none,1,2,834259,302057,589001,30,0.75961732699999995
el4,assignment,assignment-1000x20,sd,none,1,3,834259,302057,589001,30,0.696532602
el4,assignment,assignment-1000x20,sd,none,2,1,2776038,302031,3116001,163,3.7057197589999999
el4,assignment,assignment-1000x20,sd,none,2,2,2776038,302031,3116001,163,3.7069189410000001
el4,assignment,assignment-1000x20,sd,none,2,3,2776038,302031,3116001,163,3.7005665259999998
el4,assignment,assignment-1000x20,sd,none,3,1,749245,302062,532001,27,0.627414362
el4,assignment,assignment-1000x20,sd,none,3,2,749245,302062,532001,27,0.66072947900000001
el4,assignment,assignment-1000x20,sd,none,3,3,749245,302062,532001,27,0.62919908499999999
el4,assignment,assignment-1000x20,fd,all,1,1,834259,302051,113038,172,0.091955076999999996
el4,assignment,assignment-1000x20,fd,all,1,2,834259,302051,113038,172,0.091806768999999996
el4,assignment,assignment-1000x20,fd,all,1,3,834259,302051,113038,172,0.10710573700000001
el4,assignment,assignment-1000x20,fd,all,2,1,2776038,302067,833874,567,0.70998223299999996
el4,assignment,assignment-1000x20,fd,all,2,2,2776038,302067,833874,567,0.70737890999999997
el4,assignment,assignment-1000x20,fd,all,2,3,2776038,302067,833874,567,0.70937968900000004
el4,assignment,assignment-1000x20,fd,all,3,1,749245,302058,118462,171,0.096607516000000004
el4,assignment,assignment-1000x20,fd,all,3,2,749245,302058,118462,171,0.098768525999999995
el4,assignment,assignment-1000x20,fd,all,3,3,749245,302058,118462,171,0.096943715999999999
el4,assignment,assignment-1000x20,fd,mixed,1,1,834259,302051,113038,172,0.10001431
el4,assignment,assignment-1000x20,fd,mixed,1,2,834259,302051,113038,172,0.105588696
el4,assignment,assignment-1000x20,fd,mixed,1,3,834259,302051,113038,172,0.099759372999999998
el4,assignment,assignment-1000x20,fd,mixed,2,1,2776038,302067,833874,567,0.75836439600000005
el4,assignment,assignment-1000x20,fd,mixed,2,2,2776038,302067,833874,567,0.76017194099999996
el4,assignment,assignment-1000x20,fd,mixed,2,3,2776038,302067,833874,567,0.76470813100000001
el4,assignment,assignment-1000x20,fd,mixed,3,1,749245,302058,118462,171,0.105833895
el4,assignment,assignment-1000x20,fd,mixed,3,2,749245,302058,118462,171,0.104280013
el4,assignment,assignment-1000x20,fd,mixed,3,3,749245,302058,118462,171,0.114477223
el4,assignment,assignment-1000x20,fd,none,1,1,834259,302051,113038,172,0.13613112099999999
el4,assignment,assignment-1000x20,fd,none,1,2,834259,302051,113038,172,0.13472631800000001
el4,assignment,assignment-1000x20,fd,none,1,3,834259,302051,113038,172,0.136085765
el4,assignment,assignment-1000x20,fd,none,2,1,2776038,302067,833874,567,1.058628082
el4,assignment,assignment-1000x20,fd,none,2,2,2776038,302067,833874,567,1.045447083
el4,assignment,assignment-1000x20,fd,none,2,3,2776038,302067,833874,567,1.1757297449999999
el4,assignment,assignment-1000x20,fd,none,3,1,749245,302058,118462,171,0.14093266700000001
el4,assignment,assignment-1000x20,fd,none,3,2,749245,302058,118462,171,0.14533267699999999
el4,assignment,assignment-1000x20,fd,none,3,3,749245,302058,118462,171,0.145997824
el4,assignment,assignment-1000x20,sa,all,1,1,834259,302006,180001,180000,0.15306044499999999
el4,assignment,assignment-1000x20,sa,all,1,2,834259,302006,180001,180000,0.15343332400000001
el4,assignment,assignment-1000x20,sa,all,1,3,834259,302006,180001,180000,0.158239504
el4,assignment,assignment-1000x20,sa,all,2,1,2776038,302006,180001,180000,0.15360152899999999
el4,assignment,assignment-1000x20,sa,all,2,2,2776038,302006,180001,180000,0.15322186800000001
el4,assignment,assignment-1000x20,sa,all,2,3,2776038,302006,180001,180000,0.15411576299999999
el4,assignment,assignment-1000x20,sa,all,3,1,749245,302007,180001,180000,0.153330411
el4,assignment,assignment-1000x20,sa,all,3,2,749245,302007,180001,180000,0.15321261999999999
el4,assignment,assignment-1000x20,sa,all,3,3,749245,302007,180001,180000,0.17594520999999999
el4,assignment,assignment-1000x20,sa,mixed,1,1,834259,302006,180001,180000,0.166421816
el4,assignment,assignment-1000x20,sa,mixed,1,2,834259,302006,180001,180000,0.17496446299999999
el4,assignment,assignment-1000x20,sa,mixed,1,3,834259,302006,180001,180000,0.16663635800000001
el4,assignment,assignment-1000x20,sa,mixed,2,1,2776038,302006,180001,180000,0.16650272999999999
el4,assignment,assignment-1000x20,sa,mixed,2,2,2776038,302006,180001,180000,0.17485295300000001
el4,assignment,assignment-1000x20,sa,mixed,2,3,2776038,302006,180001,180000,0.165780121
el4,assignment,assignment-1000x20,sa,mixed,3,1,749245,302007,180001,180000,0.166108687
el4,assignment,assignment-1000x20,sa,mixed,3,2,749245,302007,180001,180000,0.17618652100000001
el4,assignment,assignment-1000x20,sa,mixed,3,3,749245,302007,180001,180000,0.16712320999999999
el4,assignment,assignment-1000x20,sa,none,1,1,834259,302006,180001,180000,0.21688315399999999
el4,assignment,assignment-1000x20,sa,none,1,2,834259,302006,180001,180000,0.218580195
el4,assignment,assignment-1000x20,sa,none,1,3,834259,302006,180001,180000,0.216869325
el4,assignment,assignment-1000x20,sa,none,2,1,2776038,302006,180001,180000,0.24276921600000001
el4,assignment,assignment-1000x20,sa,none,2,2,2776038,302006,180001,180000,0.21675336000000001
el4,assignment,assignment-1000x20,sa,none,2,3,2776038,302006,180001,180000,0.235465904
el4,assignment,assignment-1000x20,sa,none,3,1,749245,302007,180001,180000,0.240050977
el4,assignment,assignment-1000x20,sa,none,3,2,749245,302007,180001,180000,0.21687420600000001
el4,assignment,assignment-1000x20,sa,none,3,3,749245,302007,180001,180000,0.21692162600000001
el4,exam,exam-400x20,sd,all,1,1,1133346,8384,2188801,287,0.62390158299999998
el4,exam,exam-400x20,sd,all,1,2,1133346,8384,2188801,287,0.63552786699999997
el4,exam,exam-400x20,sd,all,1,3,1133346,8384,2188801,287,0.60373102099999998
el4,exam,exam-400x20,sd,all,2,1,1288122,8448,2242001,294,0.61829397100000005
el4,exam,exam-400x20,sd,all,2,2,1288122,8448,2242001,294,0.96112237199999995
el4,exam,exam-400x20,sd,all,2,3,1288122,8448,2242001,294,0.61858169500000004
el4,exam,exam-400x20,sd,all,3,1,1222150,8536,2097601,275,0.57761315800000002
el4,exam,exam-400x20,sd,all,3,2,1222150,8536,2097601,275,0.57566627299999995
el4,exam,exam-400x20,sd,all,3,3,1222150,8536,2097601,275,0.57717798899999995
el4,exam,exam-400x20,sd,mixed,1,1,1133346,8384,2188801,287,0.73786272600000002
el4,exam,exam-400x20,sd,mixed,1,2,1133346,8384,2188801,287,0.73925129099999998
el4,exam,exam-400x20,sd,mixed,1,3,1133346,8384,2188801,287,0.74421406700000003
el4,exam,exam-400x20,sd,mixed,2,1,1288122,8448,2242001,294,0.75122224500000001
el4,exam,exam-400x20,sd,mixed,2,2,1288122,8448,2242001,294,0.749915251
el4,exam,exam-400x20,sd,mixed,2,3,1288122,8448,2242001,294,0.79227089299999998
el4,exam,exam-400x20,sd,mixed,3,1,1222150,8536,2097601,275,0.70316537199999996
el4,exam,exam-400x20,sd,mixed,3,2,1222150,8536,2097601,275,0.70460173599999998
el4,exam,exam-400x20,sd,mixed,3,3,1222150,8536,2097601,275,0.70517391299999999
el4,exam,exam-400x20,sd,none,1,1,1133346,8384,2188801,287,15.895967465
el4,exam,exam-400x20,sd,none,1,2,1133346,8384,2188801,287,15.885853649
el4,exam,exam-400x20,sd,none,1,3,1133346,8384,2188801,287,16.033023150999998
el4,exam,exam-400x20,sd,none,2,1,1288122,8448,2242001,294,16.418420093000002
el4,exam,exam-400x20,sd,none,2,2,1288122,8448,2242001,294,16.418830166999999
el4,exam,exam-400x20,sd,none,2,3,1288122,8448,2242001,294,16.386579694000002
el4,exam,exam-400x20,sd,none,3,1,1222150,8536,2097601,275,15.239682374999999
el4,exam,exam-400x20,sd,none,3,2,1222150,8536,2097601,275,15.341865215
el4,exam,exam-400x20,sd,none,3,3,1222150,8536,2097601,275,15.274692055999999
el4,exam,exam-400x20,fd,all,1,1,1133346,8062,3367767,1631,0.87780692100000002
el4,exam,exam-400x20,fd,all,1,2,1133346,8062,3367767,1631,0.87754928700000001
el4,exam,exam-400x20,fd,all,1,3,1133346,8062,3367767,1631,0.88020854900000001
el4,exam,exam-400x20,fd,all,2,1,1288122,8174,3233877,1660,0.84144528500000004
el4,exam,exam-400x20,fd,all,2,2,1288122,8174,3233877,1660,0.842032365
el4,exam,exam-400x20,fd,all,2,3,1288122,8174,3233877,1660,0.84191996800000002
el4,exam,exam-400x20,fd,all,3,1,1222150,8182,3058820,1577,0.82023320499999997
el4,exam,exam-400x20,fd,all,3,2,1222150,8182,3058820,1577,0.795726555
el4,exam,exam-400x20,fd,all,3,3,1222150,8182,3058820,1577,0.86674494700000004
el4,exam,exam-400x20,fd,mixed,1,1,1133346,8062,3367767,1631,1.110821829
el4,exam,exam-400x20,fd,mixed,1,2,1133346,8062,3367767,1631,1.114284225
el4,exam,exam-400x20,fd,mixed,1,3,1133346,8062,3367767,1631,1.110772917
el4,exam,exam-400x20,fd,mixed,2,1,1288122,8174,3233877,1660,1.0720676629999999
el4,exam,exam-400x20,fd,mixed,2,2,1288122,8174,3233877,1660,1.346105082
el4,exam,exam-400x20,fd,mixed,2,3,1288122,8174,3233877,1660,1.08813318
el4,exam,exam-400x20,fd,mixed,3,1,1222150,8182,3058820,1577,1.0095558870000001
el4,exam,exam-400x20,fd,mixed,3,2,1222150,8182,3058820,1577,1.007507994
el4,exam,exam-400x20,fd,mixed,3,3,1222150,8182,3058820,1577,1.0108494960000001
el4,exam,exam-400x20,fd,none,1,1,1133346,8062,3367767,1631,23.629235767000001
el4,exam,exam-400x20,fd,none,1,2,1133346,8062,3367767,1631,23.665737368999999
el4,exam,exam-400x20,fd,none,1,3,1133346,8062,3367767,1631,23.707816811000001
el4,exam,exam-400x20,fd,none,2,1,1288122,8174,3233877,1660,22.737496489000002
el4,exam,exam-400x20,fd,none,2,2,1288122,8174,3233877,1660,22.768005086999999
el4,exam,exam-400x20,fd,none,2,3,1288122,8174,3233877,1660,22.725916735999999
el4,exam,exam-400x20,fd,none,3,1,1222150,8182,3058820,1577,21.610713111999999
el4,exam,exam-400x20,fd,none,3,2,1222150,8182,3058820,1577,21.573335829000001
el4,exam,exam-400x20,fd,none,3,3,1222150,8182,3058820,1577,21.563573982000001
el4,exam,exam-400x20,sa,all,1,1,1133346,8004,244001,244000,0.080389625000000006
el4,exam,exam-400x20,sa,all,1,2,1133346,8004,244001,244000,0.080333840000000004
el4,exam,exam-400x20,sa,all,1,3,1133346,8004,244001,244000,0.080095321999999997
el4,exam,exam-400x20,sa,all,2,1,1288122,8014,244001,244000,0.080014910999999994
el4,exam,exam-400x20,sa,all,2,2,1288122,8014,244001,244000,0.079912700000000003
el4,exam,exam-400x20,sa,all,2,3,1288122,8014,244001,244000,0.080393555000000005
el4,exam,exam-400x20,sa,all,3,1,1222150,8016,244001,244000,0.079807539999999996
el4,exam,exam-400x20,sa,all,3,2,1222150,8016,244001,244000,0.080276689999999998
el4,exam,exam-400x20,sa,all,3,3,1222150,8016,244001,244000,0.080264026000000002
el4,exam,exam-400x20,sa,mixed,1,1,1133346,8004,244001,244000,0.093412046999999998
el4,exam,exam-400x20,sa,mixed,1,2,1133346,8004,244001,244000,0.114172894
el4,exam,exam-400x20,sa,mixed,1,3,1133346,8004,244001,244000,0.093594139000000007
el4,exam,exam-400x20,sa,mixed,2,1,1288122,8014,244001,244000,0.115431935
el4,exam,exam-400x20,sa,mixed,2,2,1288122,8014,244001,244000,0.093889939000000006
el4,exam,exam-400x20,sa,mixed,2,3,1288122,8014,244001,244000,0.093701214000000005
el4,exam,exam-400x20,sa,mixed,3,1,1222150,8016,244001,244000,0.099774257000000005
el4,exam,exam-400x20,sa,mixed,3,2,1222150,8016,244001,244000,0.093965109000000005
el4,exam,exam-400x20,sa,mixed,3,3,1222150,8016,244001,244000,0.094204325000000005
el4,exam,exam-400x20,sa,none,1,1,1133346,8004,244001,244000,1.7080550539999999
el4,exam,exam-400x20,sa,none,1,2,1133346,8004,244001,244000,1.7095552279999999
el4,exam,exam-400x20,sa,none,1,3,1133346,8004,244001,244000,1.70959488
el4,exam,exam-400x20,sa,none,2,1,1288122,8014,244001,244000,1.7121857620000001
el4,exam,exam-400x20,sa,none,2,2,1288122,8014,244001,244000,1.7103411630000001
el4,exam,exam-400x20,sa,none,2,3,1288122,8014,244001,244000,1.7421684
el4,exam,exam-400x20,sa,none,3,1,1222150,8016,244001,244000,1.7260649379999999
el4,exam,exam-400x20,sa,none,3,2,1222150,8016,244001,244000,1.7226672380000001
el4,exam,exam-400x20,sa,none,3,3,1222150,8016,244001,244000,1.714332223
