framework,problem,instance,algorithm,seed,repetition,initial_cost,final_cost,evaluations,iterations,seconds
el4,tsp,tsp-300,sd,1,1,153540,14009,15280651,342,0.086155122000000001
el4,tsp,tsp-300,sd,1,2,153540,14009,15280651,342,0.077854171999999999
el4,tsp,tsp-300,sd,1,3,153540,14009,15280651,342,0.077811502000000005
el4,tsp,tsp-300,sd,2,1,167546,14083,14835151,332,0.075422882999999996
el4,tsp,tsp-300,sd,2,2,167546,14083,14835151,332,0.075908128000000005
el4,tsp,tsp-300,sd,2,3,167546,14083,14835151,332,0.13317438000000001
el4,tsp,tsp-300,sd,3,1,161928,14236,15859801,355,0.080355812999999998
el4,tsp,tsp-300,sd,3,2,161928,14236,15859801,355,0.080635615999999993
el4,tsp,tsp-300,sd,3,3,161928,14236,15859801,355,0.080946295000000001
el4,tsp,tsp-300,fd,1,1,153540,14090,22351731,1653,0.10259233800000001
el4,tsp,tsp-300,fd,1,2,153540,14090,22351731,1653,0.10280093
el4,tsp,tsp-300,fd,1,3,153540,14090,22351731,1653,0.102499487
el4,tsp,tsp-300,fd,2,1,167546,14028,17840575,1696,0.083098863999999995
el4,tsp,tsp-300,fd,2,2,167546,14028,17840575,1696,0.082487082000000003
el4,tsp,tsp-300,fd,2,3,167546,14028,17840575,1696,0.082884352999999994
el4,tsp,tsp-300,fd,3,1,161928,13816,20946284,1606,0.096899929999999995
el4,tsp,tsp-300,fd,3,2,161928,13816,20946284,1606,0.096949355000000001
el4,tsp,tsp-300,fd,3,3,161928,13816,20946284,1606,0.097050433000000005
el4,tsp,tsp-300,sa,1,1,153540,13489,2080001,2080000,0.098560862999999999
el4,tsp,tsp-300,sa,1,2,153540,13489,2080001,2080000,0.099364174
el4,tsp,tsp-300,sa,1,3,153540,13489,2080001,2080000,0.098567435999999994
el4,tsp,tsp-300,sa,2,1,167546,13696,2080001,2080000,0.099161344999999998
el4,tsp,tsp-300,sa,2,2,167546,13696,2080001,2080000,0.099754391999999997
el4,tsp,tsp-300,sa,2,3,167546,13696,2080001,2080000,0.098269430000000005
el4,tsp,tsp-300,sa,3,1,161928,13535,2080001,2080000,0.098463942999999998
el4,tsp,tsp-300,sa,3,2,161928,13535,2080001,2080000,0.098951242999999994
el4,tsp,tsp-300,sa,3,3,161928,13535,2080001,2080000,0.101416215
el4,assignment,assignment-1000x20,sd,1,1,834259,302057,589001,30,0.52692090800000002
el4,assignment,assignment-1000x20,sd,1,2,834259,302057,589001,30,0.54072933999999995
el4,assignment,assignment-1000x20,sd,1,3,834259,302057,589001,30,0.523435761
el4,assignment,assignment-1000x20,sd,2,1,2776038,302031,3116001,163,2.8961730299999999
el4,assignment,assignment-1000x20,sd,2,2,2776038,302031,3116001,163,2.8260964159999999
el4,assignment,assignment-1000x20,sd,2,3,2776038,302031,3116001,163,2.7824813850000001
el4,assignment,assignment-1000x20,sd,3,1,749245,302062,532001,27,0.501765028
el4,assignment,assignment-1000x20,sd,3,2,749245,302062,532001,27,0.47641229200000001
el4,assignment,assignment-1000x20,sd,3,3,749245,302062,532001,27,0.49431667400000001
el4,assignment,assignment-1000x20,fd,1,1,834259,302051,113038,172,0.102314167
el4,assignment,assignment-1000x20,fd,1,2,834259,302051,113038,172,0.099946277
el4,assignment,assignment-1000x20,fd,1,3,834259,302051,113038,172,0.100202375
el4,assignment,assignment-1000x20,fd,2,1,2776038,302067,833874,567,0.77753539299999996
el4,assignment,assignment-1000x20,fd,2,2,2776038,302067,833874,567,0.80858498599999995
el4,assignment,assignment-1000x20,fd,2,3,2776038,302067,833874,567,0.77511057699999997
el4,assignment,assignment-1000x20,fd,3,1,749245,302058,118462,171,0.10895279200000001
el4,assignment,assignment-1000x20,fd,3,2,749245,302058,118462,171,0.104597511
el4,assignment,assignment-1000x20,fd,3,3,749245,302058,118462,171,0.104993741
el4,assignment,assignment-1000x20,sa,1,1,834259,302006,180001,180000,0.171952928
el4,assignment,assignment-1000x20,sa,1,2,834259,302006,180001,180000,0.17511048400000001
el4,assignment,assignment-1000x20,sa,1,3,834259,302006,180001,180000,0.17147166999999999
el4,assignment,assignment-1000x20,sa,2,1,2776038,302006,180001,180000,0.17180630399999999
el4,assignment,assignment-1000x20,sa,2,2,2776038,302006,180001,180000,0.17144424899999999
el4,assignment,assignment-1000x20,sa,2,3,2776038,302006,180001,180000,0.172843952
el4,assignment,assignment-1000x20,sa,3,1,749245,302007,180001,180000,0.182388884
el4,assignment,assignment-1000x20,sa,3,2,749245,302007,180001,180000,0.17330953099999999
el4,assignment,assignment-1000x20,sa,3,3,749245,302007,180001,180000,0.17456338099999999
el4,exam,exam-400x20,sd,1,1,1133346,8384,2188801,287,17.550364317
el4,exam,exam-400x20,sd,1,2,1133346,8384,2188801,287,17.306115589000001
el4,exam,exam-400x20,sd,1,3,1133346,8384,2188801,287,17.317417880000001
el4,exam,exam-400x20,sd,2,1,1288122,8448,2242001,294,17.749203390000002
el4,exam,exam-400x20,sd,2,2,1288122,8448,2242001,294,17.770846501000001
el4,exam,exam-400x20,sd,2,3,1288122,8448,2242001,294,17.741492130000001
el4,exam,exam-400x20,sd,3,1,1222150,8536,2097601,275,16.571032976000001
el4,exam,exam-400x20,sd,3,2,1222150,8536,2097601,275,16.577272932
el4,exam,exam-400x20,sd,3,3,1222150,8536,2097601,275,16.608841333000001
el4,exam,exam-400x20,fd,1,1,1133346,8062,3367767,1631,22.349172315000001
el4,exam,exam-400x20,fd,1,2,1133346,8062,3367767,1631,22.322873299000001
el4,exam,exam-400x20,fd,1,3,1133346,8062,3367767,1631,22.287171471000001
el4,exam,exam-400x20,fd,2,1,1288122,8174,3233877,1660,21.438505046
el4,exam,exam-400x20,fd,2,2,1288122,8174,3233877,1660,21.411542501
el4,exam,exam-400x20,fd,2,3,1288122,8174,3233877,1660,21.439406236
el4,exam,exam-400x20,fd,3,1,1222150,8182,3058820,1577,20.285694195000001
el4,exam,exam-400x20,fd,3,2,1222150,8182,3058820,1577,20.265557523999998
el4,exam,exam-400x20,fd,3,3,1222150,8182,3058820,1577,20.214480212000002
el4,exam,exam-400x20,sa,1,1,1133346,8004,244001,244000,1.341987263
el4,exam,exam-400x20,sa,1,2,1133346,8004,244001,244000,1.345336227
el4,exam,exam-400x20,sa,1,3,1133346,8004,244001,244000,1.3427565910000001
el4,exam,exam-400x20,sa,2,1,1288122,8014,244001,244000,1.342918273
el4,exam,exam-400x20,sa,2,2,1288122,8014,244001,244000,1.347037324
el4,exam,exam-400x20,sa,2,3,1288122,8014,244001,244000,1.344563728
el4,exam,exam-400x20,sa,3,1,1222150,8016,244001,244000,1.3426086660000001
el4,exam,exam-400x20,sa,3,2,1222150,8016,244001,244000,1.3417842499999999
el4,exam,exam-400x20,sa,3,3,1222150,8016,244001,244000,1.3414272039999999
