trial,mode,ns_per_evaluation,checksum
1,baseline,29.7462,12195261410417510208
1,explicit-null,29.7345,12195261410417510208
1,counting,29.0698,12195261410417510208
1,memory,109.813,12195261410417510208
1,binary-buffered-discard,46.9773,12195261410417510208
1,binary-async-producer-discard,47.6034,12195261410417510208
1,binary-async-total-discard,47.6145,12195261410417510208
1,binary-buffered-file,64.2514,12195261410417510208
1,binary-async-producer-file,47.8151,12195261410417510208
1,binary-async-total-file,47.8832,12195261410417510208
2,baseline,29.59,12195261410417510208
2,explicit-null,29.6662,12195261410417510208
2,counting,29.0163,12195261410417510208
2,memory,109.047,12195261410417510208
2,binary-buffered-discard,47.1048,12195261410417510208
2,binary-async-producer-discard,47.5829,12195261410417510208
2,binary-async-total-discard,47.5966,12195261410417510208
2,binary-buffered-file,64.1139,12195261410417510208
2,binary-async-producer-file,48.7582,12195261410417510208
2,binary-async-total-file,48.829,12195261410417510208
3,baseline,29.5871,12195261410417510208
3,explicit-null,29.6981,12195261410417510208
3,counting,29.0111,12195261410417510208
3,memory,109.919,12195261410417510208
3,binary-buffered-discard,47.026,12195261410417510208
3,binary-async-producer-discard,47.7354,12195261410417510208
3,binary-async-total-discard,47.7473,12195261410417510208
3,binary-buffered-file,64.4266,12195261410417510208
3,binary-async-producer-file,47.7775,12195261410417510208
3,binary-async-total-file,47.8466,12195261410417510208
4,baseline,29.6759,12195261410417510208
4,explicit-null,29.5246,12195261410417510208
4,counting,28.9448,12195261410417510208
4,memory,109.352,12195261410417510208
4,binary-buffered-discard,48.0316,12195261410417510208
4,binary-async-producer-discard,47.4278,12195261410417510208
4,binary-async-total-discard,47.4425,12195261410417510208
4,binary-buffered-file,64.5384,12195261410417510208
4,binary-async-producer-file,47.9775,12195261410417510208
4,binary-async-total-file,48.047,12195261410417510208
5,baseline,29.6165,12195261410417510208
5,explicit-null,29.519,12195261410417510208
5,counting,29.0323,12195261410417510208
5,memory,110.05,12195261410417510208
5,binary-buffered-discard,46.8392,12195261410417510208
5,binary-async-producer-discard,48.8299,12195261410417510208
5,binary-async-total-discard,48.8433,12195261410417510208
5,binary-buffered-file,64.4737,12195261410417510208
5,binary-async-producer-file,47.7844,12195261410417510208
5,binary-async-total-file,47.8596,12195261410417510208
