framework,problem,instance,algorithm,delta_mode,seed,repetition,initial_cost,final_cost,evaluations,iterations,seconds
el4,tsp,tsp-300,sd,all,1,1,153540,14009,15280651,342,0.1528274
el4,tsp,tsp-300,sd,all,1,2,153540,14009,15280651,342,0.15739690000000001
el4,tsp,tsp-300,sd,all,1,3,153540,14009,15280651,342,0.1570153
el4,tsp,tsp-300,sd,all,2,1,167546,14083,14835151,332,0.150509
el4,tsp,tsp-300,sd,all,2,2,167546,14083,14835151,332,0.1509045
el4,tsp,tsp-300,sd,all,2,3,167546,14083,14835151,332,0.14421429999999999
el4,tsp,tsp-300,sd,all,3,1,161928,14236,15859801,355,0.15193619999999999
el4,tsp,tsp-300,sd,all,3,2,161928,14236,15859801,355,0.15800239999999999
el4,tsp,tsp-300,sd,all,3,3,161928,14236,15859801,355,0.16320000000000001
el4,tsp,tsp-300,fd,all,1,1,153540,14090,22351731,1653,0.20784449999999999
el4,tsp,tsp-300,fd,all,1,2,153540,14090,22351731,1653,0.2042872
el4,tsp,tsp-300,fd,all,1,3,153540,14090,22351731,1653,0.20356840000000001
el4,tsp,tsp-300,fd,all,2,1,167546,14028,17840575,1696,0.1717823
el4,tsp,tsp-300,fd,all,2,2,167546,14028,17840575,1696,0.1658181
el4,tsp,tsp-300,fd,all,2,3,167546,14028,17840575,1696,0.16751389999999999
el4,tsp,tsp-300,fd,all,3,1,161928,13816,20946284,1606,0.203371
el4,tsp,tsp-300,fd,all,3,2,161928,13816,20946284,1606,0.19717660000000001
el4,tsp,tsp-300,fd,all,3,3,161928,13816,20946284,1606,0.19146369999999999
el4,tsp,tsp-300,sa,all,1,1,153540,13489,2080001,2080000,0.071096300000000001
el4,tsp,tsp-300,sa,all,1,2,153540,13489,2080001,2080000,0.071396699999999994
el4,tsp,tsp-300,sa,all,1,3,153540,13489,2080001,2080000,0.071261599999999994
el4,tsp,tsp-300,sa,all,2,1,167546,13696,2080001,2080000,0.071562000000000001
el4,tsp,tsp-300,sa,all,2,2,167546,13696,2080001,2080000,0.071689699999999995
el4,tsp,tsp-300,sa,all,2,3,167546,13696,2080001,2080000,0.0715171
el4,tsp,tsp-300,sa,all,3,1,161928,13535,2080001,2080000,0.071535399999999999
el4,tsp,tsp-300,sa,all,3,2,161928,13535,2080001,2080000,0.070858099999999993
el4,tsp,tsp-300,sa,all,3,3,161928,13535,2080001,2080000,0.071112400000000006
el4,assignment,assignment-1000x20,sd,all,1,1,834259,302057,589001,30,1.2951619000000001
el4,assignment,assignment-1000x20,sd,all,1,2,834259,302057,589001,30,1.2993509999999999
el4,assignment,assignment-1000x20,sd,all,1,3,834259,302057,589001,30,1.290975
el4,assignment,assignment-1000x20,sd,all,2,1,2776038,302031,3116001,163,6.8417674000000002
el4,assignment,assignment-1000x20,sd,all,2,2,2776038,302031,3116001,163,6.8344541000000003
el4,assignment,assignment-1000x20,sd,all,2,3,2776038,302031,3116001,163,6.8747943999999999
el4,assignment,assignment-1000x20,sd,all,3,1,749245,302062,532001,27,1.1645753000000001
el4,assignment,assignment-1000x20,sd,all,3,2,749245,302062,532001,27,1.1911981
el4,assignment,assignment-1000x20,sd,all,3,3,749245,302062,532001,27,1.1671627
el4,assignment,assignment-1000x20,fd,all,1,1,834259,302051,113038,172,0.24568519999999999
el4,assignment,assignment-1000x20,fd,all,1,2,834259,302051,113038,172,0.2464964
el4,assignment,assignment-1000x20,fd,all,1,3,834259,302051,113038,172,0.249281
el4,assignment,assignment-1000x20,fd,all,2,1,2776038,302067,833874,567,1.9679827999999999
el4,assignment,assignment-1000x20,fd,all,2,2,2776038,302067,833874,567,1.8344720999999999
el4,assignment,assignment-1000x20,fd,all,2,3,2776038,302067,833874,567,1.8393976999999999
el4,assignment,assignment-1000x20,fd,all,3,1,749245,302058,118462,171,0.26267079999999998
el4,assignment,assignment-1000x20,fd,all,3,2,749245,302058,118462,171,0.26042890000000002
el4,assignment,assignment-1000x20,fd,all,3,3,749245,302058,118462,171,0.26989639999999998
el4,assignment,assignment-1000x20,sa,all,1,1,834259,302006,180001,180000,0.43592629999999999
el4,assignment,assignment-1000x20,sa,all,1,2,834259,302006,180001,180000,0.44263130000000001
el4,assignment,assignment-1000x20,sa,all,1,3,834259,302006,180001,180000,0.43638300000000002
el4,assignment,assignment-1000x20,sa,all,2,1,2776038,302006,180001,180000,0.43153560000000002
el4,assignment,assignment-1000x20,sa,all,2,2,2776038,302006,180001,180000,0.4365463
el4,assignment,assignment-1000x20,sa,all,2,3,2776038,302006,180001,180000,0.43128870000000002
el4,assignment,assignment-1000x20,sa,all,3,1,749245,302007,180001,180000,0.43230350000000001
el4,assignment,assignment-1000x20,sa,all,3,2,749245,302007,180001,180000,0.43865409999999999
el4,assignment,assignment-1000x20,sa,all,3,3,749245,302007,180001,180000,0.43588900000000003
el4,exam,exam-400x20,sd,all,1,1,1133346,8384,2188801,287,0.62401620000000002
el4,exam,exam-400x20,sd,all,1,2,1133346,8384,2188801,287,0.96305940000000001
el4,exam,exam-400x20,sd,all,1,3,1133346,8384,2188801,287,0.64773400000000003
el4,exam,exam-400x20,sd,all,2,1,1288122,8448,2242001,294,0.62417250000000002
el4,exam,exam-400x20,sd,all,2,2,1288122,8448,2242001,294,0.62972969999999995
el4,exam,exam-400x20,sd,all,2,3,1288122,8448,2242001,294,0.62455269999999996
el4,exam,exam-400x20,sd,all,3,1,1222150,8536,2097601,275,0.59024540000000003
el4,exam,exam-400x20,sd,all,3,2,1222150,8536,2097601,275,0.59285520000000003
el4,exam,exam-400x20,sd,all,3,3,1222150,8536,2097601,275,0.58223670000000005
el4,exam,exam-400x20,fd,all,1,1,1133346,8062,3367767,1631,0.90695979999999998
el4,exam,exam-400x20,fd,all,1,2,1133346,8062,3367767,1631,1.2518990999999999
el4,exam,exam-400x20,fd,all,1,3,1133346,8062,3367767,1631,0.90809150000000005
el4,exam,exam-400x20,fd,all,2,1,1288122,8174,3233877,1660,0.87903379999999998
el4,exam,exam-400x20,fd,all,2,2,1288122,8174,3233877,1660,0.86717109999999997
el4,exam,exam-400x20,fd,all,2,3,1288122,8174,3233877,1660,0.89848139999999999
el4,exam,exam-400x20,fd,all,3,1,1222150,8182,3058820,1577,0.81257699999999999
el4,exam,exam-400x20,fd,all,3,2,1222150,8182,3058820,1577,0.81703789999999998
el4,exam,exam-400x20,fd,all,3,3,1222150,8182,3058820,1577,0.82728120000000005
el4,exam,exam-400x20,sa,all,1,1,1133346,8004,244001,244000,0.074247400000000005
el4,exam,exam-400x20,sa,all,1,2,1133346,8004,244001,244000,0.074896299999999999
el4,exam,exam-400x20,sa,all,1,3,1133346,8004,244001,244000,0.1024287
el4,exam,exam-400x20,sa,all,2,1,1288122,8014,244001,244000,0.093309400000000001
el4,exam,exam-400x20,sa,all,2,2,1288122,8014,244001,244000,0.1115004
el4,exam,exam-400x20,sa,all,2,3,1288122,8014,244001,244000,0.074812799999999999
el4,exam,exam-400x20,sa,all,3,1,1222150,8016,244001,244000,0.077197100000000005
el4,exam,exam-400x20,sa,all,3,2,1222150,8016,244001,244000,0.075308799999999995
el4,exam,exam-400x20,sa,all,3,3,1222150,8016,244001,244000,0.075312599999999993
