domain,workload,variant,neighborhood_size,trial,repetitions,measured_moves,ns_per_move,checksum
assignment-medium,traversal,coroutine-custom,7936,0,126,999936,3.49433,127492237974528
assignment-medium,traversal,coroutine-custom,7936,1,126,999936,3.47274,127492237974528
assignment-medium,traversal,coroutine-custom,7936,2,126,999936,3.44624,127492237974528
assignment-medium,traversal,coroutine-std,7936,0,126,999936,4.12658,127492237974528
assignment-medium,traversal,coroutine-std,7936,1,126,999936,4.11929,127492237974528
assignment-medium,traversal,coroutine-std,7936,2,126,999936,4.12593,127492237974528
assignment-medium,traversal,cursor,7936,0,126,999936,2.1574,127492237974528
assignment-medium,traversal,cursor,7936,1,126,999936,2.15149,127492237974528
assignment-medium,traversal,cursor,7936,2,126,999936,2.15935,127492237974528
assignment-medium,light-consumer,coroutine-custom,7936,0,126,999936,4.18944,15998323462713648
assignment-medium,light-consumer,coroutine-custom,7936,1,126,999936,4.18204,15998323462713648
assignment-medium,light-consumer,coroutine-custom,7936,2,126,999936,4.17916,15998323462713648
assignment-medium,light-consumer,coroutine-std,7936,0,126,999936,4.83049,15998323462713648
assignment-medium,light-consumer,coroutine-std,7936,1,126,999936,4.89804,15998323462713648
assignment-medium,light-consumer,coroutine-std,7936,2,126,999936,4.88971,15998323462713648
assignment-medium,light-consumer,cursor,7936,0,126,999936,2.80249,15998323462713648
assignment-medium,light-consumer,cursor,7936,1,126,999936,2.78774,15998323462713648
assignment-medium,light-consumer,cursor,7936,2,126,999936,2.78108,15998323462713648
tsp-medium,traversal,coroutine-custom,32384,0,30,971520,4.74172,81934461605700
tsp-medium,traversal,coroutine-custom,32384,1,30,971520,4.7352,81934461605700
tsp-medium,traversal,coroutine-custom,32384,2,30,971520,4.71916,81934461605700
tsp-medium,traversal,coroutine-std,32384,0,30,971520,4.44042,81934461605700
tsp-medium,traversal,coroutine-std,32384,1,30,971520,4.42703,81934461605700
tsp-medium,traversal,coroutine-std,32384,2,30,971520,4.43367,81934461605700
tsp-medium,traversal,cursor,32384,0,30,971520,1.29909,81934461605700
tsp-medium,traversal,cursor,32384,1,30,971520,1.29808,81934461605700
tsp-medium,traversal,cursor,32384,2,30,971520,1.30675,81934461605700
tsp-medium,light-consumer,coroutine-custom,32384,0,30,971520,6.05935,8430009547073689412
tsp-medium,light-consumer,coroutine-custom,32384,1,30,971520,6.00198,8430009547073689412
tsp-medium,light-consumer,coroutine-custom,32384,2,30,971520,5.99002,8430009547073689412
tsp-medium,light-consumer,coroutine-std,32384,0,30,971520,6.52148,8430009547073689412
tsp-medium,light-consumer,coroutine-std,32384,1,30,971520,6.61722,8430009547073689412
tsp-medium,light-consumer,coroutine-std,32384,2,30,971520,6.63237,8430009547073689412
tsp-medium,light-consumer,cursor,32384,0,30,971520,4.51871,8430009547073689412
tsp-medium,light-consumer,cursor,32384,1,30,971520,4.53748,8430009547073689412
tsp-medium,light-consumer,cursor,32384,2,30,971520,4.52871,8430009547073689412
