framework,problem,instance,algorithm,seed,initial_cost,final_cost,evaluations,iterations,seconds
el4,tsp,tsp-300,sd,1,153540,14009,15280651,342,0.080315735999999999
el4,tsp,tsp-300,sd,2,167546,14083,14835151,332,0.074789493999999998
el4,tsp,tsp-300,sd,3,161928,14236,15859801,355,0.079573272
el4,tsp,tsp-300,fd,1,153540,14090,22351731,1653,0.112202313
el4,tsp,tsp-300,fd,2,167546,14028,17840575,1696,0.089348823999999993
el4,tsp,tsp-300,fd,3,161928,13816,20946284,1606,0.109670133
el4,tsp,tsp-300,sa,1,153540,14511,208001,208000,3.5236045800000002
el4,tsp,tsp-300,sa,2,167546,14798,208001,208000,3.5601954679999999
el4,tsp,tsp-300,sa,3,161928,14764,208001,208000,3.5409745209999999
el4,assignment,assignment-1000x20,sd,1,834259,302057,589001,30,0.57570562300000006
el4,assignment,assignment-1000x20,sd,2,2776038,302031,3116001,163,3.0534652179999999
el4,assignment,assignment-1000x20,sd,3,749245,302062,532001,27,0.519755513
el4,assignment,assignment-1000x20,fd,1,834259,302051,113038,172,0.11521780500000001
el4,assignment,assignment-1000x20,fd,2,2776038,302067,833874,567,0.87514442800000003
el4,assignment,assignment-1000x20,fd,3,749245,302058,118462,171,0.120348501
el4,assignment,assignment-1000x20,sa,1,834259,302006,180001,180000,0.186669635
el4,assignment,assignment-1000x20,sa,2,2776038,302006,180001,180000,0.18883455900000001
el4,assignment,assignment-1000x20,sa,3,749245,302007,180001,180000,0.186177751
el4,exam,exam-400x20,sd,1,1133346,8384,2188801,287,19.578066937999999
el4,exam,exam-400x20,sd,2,1288122,8448,2242001,294,20.047661941000001
el4,exam,exam-400x20,sd,3,1222150,8536,2097601,275,18.722908441000001
el4,exam,exam-400x20,fd,1,1133346,8062,3367767,1631,29.749866233999999
el4,exam,exam-400x20,fd,2,1288122,8174,3233877,1660,24.216456076
el4,exam,exam-400x20,fd,3,1222150,8182,3058820,1577,22.931831449000001
el4,exam,exam-400x20,sa,1,1133346,8004,244001,244000,1.5331176280000001
el4,exam,exam-400x20,sa,2,1288122,8014,244001,244000,1.8674186909999999
el4,exam,exam-400x20,sa,3,1222150,8016,244001,244000,1.8645876100000001
