domain,algorithm,variant,trial,repetitions,evaluations_per_run,measured_evaluations,allocations_per_run,allocated_bytes_per_run,ns_per_evaluation,ns_per_run,termination,checksum
assignment,first-improvement,raw-cursor,0,33,29974,989142,2,832,26.8901,806003,local-optimum,283635731874
assignment,first-improvement,raw-cursor,1,33,29974,989142,2,832,27.018,809837,local-optimum,283635731874
assignment,first-improvement,raw-cursor,2,33,29974,989142,2,832,26.92,806901,local-optimum,283635731874
assignment,first-improvement,cursor-range,0,33,29974,989142,2,832,28.282,847725,local-optimum,283635731874
assignment,first-improvement,cursor-range,1,33,29974,989142,2,832,28.0756,841537,local-optimum,283635731874
assignment,first-improvement,cursor-range,2,33,29974,989142,2,832,28.0003,839280,local-optimum,283635731874
assignment,first-improvement,coroutine-range,0,33,29974,989142,115,15296,31.861,955000,local-optimum,283635731874
assignment,first-improvement,coroutine-range,1,33,29974,989142,115,15296,31.8205,953789,local-optimum,283635731874
assignment,first-improvement,coroutine-range,2,33,29974,989142,115,15296,31.8519,954728,local-optimum,283635731874
assignment,best-improvement,raw-cursor,0,22,44353,975766,2,832,27.1651,1.20485e+06,local-optimum,189012972808
assignment,best-improvement,raw-cursor,1,22,44353,975766,2,832,27.64,1.22592e+06,local-optimum,189012972808
assignment,best-improvement,raw-cursor,2,22,44353,975766,2,832,27.0338,1.19903e+06,local-optimum,189012972808
assignment,best-improvement,cursor-range,0,22,44353,975766,2,832,27.5028,1.21983e+06,local-optimum,189012972808
assignment,best-improvement,cursor-range,1,22,44353,975766,2,832,27.9305,1.2388e+06,local-optimum,189012972808
assignment,best-improvement,cursor-range,2,22,44353,975766,2,832,27.7214,1.22953e+06,local-optimum,189012972808
assignment,best-improvement,coroutine-range,0,22,44353,975766,68,9280,41.332,1.8332e+06,local-optimum,189012972808
assignment,best-improvement,coroutine-range,1,22,44353,975766,68,9280,41.2373,1.829e+06,local-optimum,189012972808
assignment,best-improvement,coroutine-range,2,22,44353,975766,68,9280,36.0969,1.60101e+06,local-optimum,189012972808
tsp,first-improvement,raw-cursor,0,37,26754,989898,1,512,4.44977,119049,local-optimum,5606278166575009214
tsp,first-improvement,raw-cursor,1,37,26754,989898,1,512,4.45031,119064,local-optimum,5606278166575009214
tsp,first-improvement,raw-cursor,2,37,26754,989898,1,512,4.43122,118553,local-optimum,5606278166575009214
tsp,first-improvement,cursor-range,0,37,26754,989898,1,512,4.50213,120450,local-optimum,5606278166575009214
tsp,first-improvement,cursor-range,1,37,26754,989898,1,512,4.51269,120732,local-optimum,5606278166575009214
tsp,first-improvement,cursor-range,2,37,26754,989898,1,512,4.51201,120714,local-optimum,5606278166575009214
tsp,first-improvement,coroutine-range,0,37,26754,989898,33,4608,7.40617,198145,local-optimum,5606278166575009214
tsp,first-improvement,coroutine-range,1,37,26754,989898,33,4608,7.45913,199562,local-optimum,5606278166575009214
tsp,first-improvement,coroutine-range,2,37,26754,989898,33,4608,7.40215,198037,local-optimum,5606278166575009214
tsp,best-improvement,raw-cursor,0,16,62465,999440,1,512,4.62222,288727,local-optimum,430093901902816768
tsp,best-improvement,raw-cursor,1,16,62465,999440,1,512,4.61917,288537,local-optimum,430093901902816768
tsp,best-improvement,raw-cursor,2,16,62465,999440,1,512,4.61979,288575,local-optimum,430093901902816768
tsp,best-improvement,cursor-range,0,16,62465,999440,1,512,4.57519,285789,local-optimum,430093901902816768
tsp,best-improvement,cursor-range,1,16,62465,999440,1,512,4.55879,284765,local-optimum,430093901902816768
tsp,best-improvement,cursor-range,2,16,62465,999440,1,512,4.57649,285870,local-optimum,430093901902816768
tsp,best-improvement,coroutine-range,0,16,62465,999440,33,4608,8.39914,524652,local-optimum,430093901902816768
tsp,best-improvement,coroutine-range,1,16,62465,999440,33,4608,8.45487,528134,local-optimum,430093901902816768
tsp,best-improvement,coroutine-range,2,16,62465,999440,33,4608,8.4089,525262,local-optimum,430093901902816768
